{
	"partitions" : [
		{
			"name" : "Top",
			"pins" : [
				{
					"name" : "VGA_HS",
					"strict" : false
				},
				{
					"name" : "VGA_VS",
					"strict" : false
				},
				{
					"name" : "R[0]",
					"strict" : false
				},
				{
					"name" : "R[1]",
					"strict" : false
				},
				{
					"name" : "R[2]",
					"strict" : false
				},
				{
					"name" : "R[3]",
					"strict" : false
				},
				{
					"name" : "R[4]",
					"strict" : false
				},
				{
					"name" : "R[5]",
					"strict" : false
				},
				{
					"name" : "R[6]",
					"strict" : false
				},
				{
					"name" : "R[7]",
					"strict" : false
				},
				{
					"name" : "G[0]",
					"strict" : false
				},
				{
					"name" : "G[1]",
					"strict" : false
				},
				{
					"name" : "G[2]",
					"strict" : false
				},
				{
					"name" : "G[3]",
					"strict" : false
				},
				{
					"name" : "G[4]",
					"strict" : false
				},
				{
					"name" : "G[5]",
					"strict" : false
				},
				{
					"name" : "G[6]",
					"strict" : false
				},
				{
					"name" : "B[1]",
					"strict" : false
				},
				{
					"name" : "B[4]",
					"strict" : false
				},
				{
					"name" : "B[5]",
					"strict" : false
				},
				{
					"name" : "B[7]",
					"strict" : false
				},
				{
					"name" : "CLK_50",
					"strict" : false
				},
				{
					"name" : "reset",
					"strict" : false
				},
				{
					"name" : "start_game",
					"strict" : false
				},
				{
					"name" : "clkSpeedSelect",
					"strict" : false
				},
				{
					"name" : "DIR[0]",
					"strict" : false
				},
				{
					"name" : "DIR[1]",
					"strict" : false
				},
				{
					"name" : "DIR[2]",
					"strict" : false
				}
			]
		}
	]
}