<?xml version="1.0" encoding="UTF-8"?>
<preferences>
 <debug showDebugMenu="0" />
 <systemtable filter="All Interfaces">
  <columns>
   <connections preferredWidth="31" />
   <irq preferredWidth="34" />
   <inputclock preferredWidth="120" />
  </columns>
 </systemtable>
 <library
   expandedCategories="Library/Basic Functions/Clocks; PLLs and Resets,Project,Library,Library/Basic Functions/Clocks; PLLs and Resets/PLL,Library/Basic Functions" />
 <window width="1456" height="800" x="0" y="0" />
 <generation synthesis="VERILOG" simulation="VERILOG" path="PLL" />
</preferences>
